CustomerID,Age,TenureMonths,MonthlyCharge,SupportCalls,ContractType,HasInternetService,SatisfactionScore,Churn
CUST1000,56,15,55.16,1,One Year,0,8.5,0
CUST1001,69,64,30.14,2,Month-to-Month,1,2.8,1
CUST1002,46,28,68.59,1,One Year,0,8.5,0
CUST1003,32,39,45.68,4,Month-to-Month,1,10.0,0
CUST1004,60,57,48.49,3,Month-to-Month,1,3.4,1
CUST1005,25,17,50.73,6,Month-to-Month,1,7.5,1
CUST1006,38,44,100.3,1,One Year,1,6.0,0
CUST1007,56,25,73.92,2,Month-to-Month,1,2.9,0
CUST1008,36,17,51.13,1,One Year,1,7.0,0
CUST1009,40,13,81.03,2,One Year,0,7.7,0
CUST1010,28,25,91.62,3,Month-to-Month,0,4.8,1
CUST1011,28,68,47.26,3,Month-to-Month,1,8.3,0
CUST1012,41,10,61.35,0,Month-to-Month,1,2.7,0
CUST1013,53,67,32.19,1,Two Year,1,3.0,0
CUST1014,57,18,38.11,1,One Year,1,6.3,0
CUST1015,41,34,88.11,4,Month-to-Month,1,6.1,1
CUST1016,20,8,38.14,1,Month-to-Month,0,4.6,0
CUST1017,39,40,72.52,4,One Year,1,7.6,0
CUST1018,19,42,90.9,0,Two Year,1,7.1,0
CUST1019,41,41,30.69,3,Two Year,1,7.7,0
CUST1020,61,6,76.73,1,One Year,1,5.8,0
CUST1021,47,52,45.66,2,Month-to-Month,0,7.2,0
CUST1022,55,26,116.29,4,Month-to-Month,1,5.1,1
CUST1023,19,64,68.35,2,Month-to-Month,1,10.0,0
CUST1024,38,59,100.6,1,Month-to-Month,0,4.4,0
CUST1025,50,56,75.02,1,Month-to-Month,1,10.0,0
CUST1026,29,59,24.34,2,Month-to-Month,1,6.1,0
CUST1027,39,70,83.32,1,Month-to-Month,1,3.2,0
CUST1028,61,33,115.14,2,Two Year,1,8.7,0
CUST1029,42,53,80.16,1,One Year,0,6.3,0
CUST1030,66,22,101.92,2,Two Year,1,7.7,0
CUST1031,44,21,108.42,0,One Year,1,8.4,0
CUST1032,59,70,42.81,1,Month-to-Month,1,6.7,1
CUST1033,45,70,41.2,4,One Year,0,4.8,0
CUST1034,33,4,81.1,3,Month-to-Month,1,8.0,0
CUST1035,32,62,61.1,2,One Year,1,6.0,0
CUST1036,64,62,103.99,2,Month-to-Month,1,7.4,0
CUST1037,68,24,110.0,1,Two Year,1,1.7,0
CUST1038,61,55,55.34,5,Month-to-Month,0,6.9,0
CUST1039,69,9,43.69,0,Month-to-Month,1,4.7,0
CUST1040,20,3,98.05,2,Two Year,0,9.3,0
CUST1041,54,31,47.48,3,Month-to-Month,1,7.2,0
CUST1042,68,40,102.26,1,One Year,1,6.5,0
CUST1043,24,36,62.37,2,One Year,1,7.0,0
CUST1044,38,24,86.75,4,Two Year,1,4.0,1
CUST1045,26,6,29.55,3,Two Year,1,9.2,0
CUST1046,56,66,82.39,2,Two Year,1,10.0,0
CUST1047,35,4,65.18,1,Month-to-Month,0,6.8,0
CUST1048,21,6,78.66,3,Two Year,0,9.2,0
CUST1049,42,51,36.8,2,One Year,1,4.9,0
CUST1050,31,62,93.69,1,One Year,0,4.4,0
CUST1051,67,57,106.28,0,Month-to-Month,1,6.1,0
CUST1052,26,66,41.67,0,One Year,1,6.9,0
CUST1053,43,8,29.57,2,Two Year,1,5.2,0
CUST1054,19,26,22.36,0,Two Year,1,7.1,0
CUST1055,37,51,84.2,1,Month-to-Month,1,6.6,1
CUST1056,45,45,80.71,0,Month-to-Month,1,4.0,1
CUST1057,64,44,74.67,0,Month-to-Month,1,7.0,0
CUST1058,24,5,43.19,2,Two Year,1,7.7,0
CUST1059,61,70,59.09,2,One Year,0,6.3,0
CUST1060,25,26,79.45,4,Month-to-Month,1,8.3,0
CUST1061,64,68,69.68,4,Month-to-Month,1,3.6,1
CUST1062,52,19,118.78,0,Month-to-Month,1,6.9,0
CUST1063,31,20,33.64,2,Month-to-Month,0,3.7,0
CUST1064,34,12,89.51,1,Two Year,0,3.8,0
CUST1065,53,47,60.43,2,One Year,1,4.7,0
CUST1066,67,1,62.82,1,Month-to-Month,1,4.1,1
CUST1067,57,14,91.76,0,One Year,1,4.9,0
CUST1068,21,64,89.24,4,Month-to-Month,1,5.6,1
CUST1069,19,38,119.13,4,Two Year,1,7.7,0
CUST1070,23,37,32.84,1,Month-to-Month,1,5.4,0
CUST1071,59,11,30.41,1,Month-to-Month,1,2.8,0
CUST1072,21,3,92.43,3,Month-to-Month,0,8.3,0
CUST1073,46,33,77.84,6,One Year,1,4.3,0
CUST1074,35,6,47.42,1,One Year,1,5.9,0
CUST1075,43,50,27.94,1,One Year,1,6.9,0
CUST1076,61,10,28.57,3,Month-to-Month,1,6.4,0
CUST1077,51,5,109.42,3,Month-to-Month,1,8.2,0
CUST1078,27,23,39.19,1,Month-to-Month,1,7.0,1
CUST1079,53,10,52.34,2,One Year,1,4.3,0
CUST1080,31,44,42.67,2,Month-to-Month,1,10.0,0
CUST1081,48,2,55.5,1,One Year,0,6.4,0
CUST1082,65,13,26.94,2,Two Year,0,5.7,0
CUST1083,32,40,71.91,2,Two Year,1,7.9,0
CUST1084,25,2,26.76,2,Month-to-Month,1,6.5,0
CUST1085,31,65,100.04,2,Month-to-Month,1,6.8,1
CUST1086,40,63,43.37,2,Month-to-Month,1,10.0,1
CUST1087,57,17,74.0,1,One Year,1,5.4,0
CUST1088,38,9,108.01,1,Two Year,1,5.4,0
CUST1089,33,15,85.09,5,Month-to-Month,0,6.2,1
CUST1090,62,24,73.3,3,Month-to-Month,0,8.1,0
CUST1091,35,38,52.43,3,Two Year,1,3.0,0
CUST1092,64,35,53.3,1,Two Year,0,2.1,0
CUST1093,41,49,86.95,2,Month-to-Month,1,4.8,1
CUST1094,43,69,119.41,7,One Year,1,2.7,1
CUST1095,42,62,86.18,2,Month-to-Month,1,5.2,1
CUST1096,62,60,75.78,2,Month-to-Month,0,7.0,1
CUST1097,58,50,93.07,3,Two Year,1,4.2,0
CUST1098,46,9,66.52,0,Two Year,1,3.1,0
CUST1099,32,34,26.01,2,One Year,1,6.1,0
CUST1100,62,35,76.23,2,Month-to-Month,1,7.7,0
CUST1101,18,1,115.76,2,Two Year,0,2.6,0
CUST1102,42,40,37.53,1,Month-to-Month,1,7.6,0
CUST1103,24,64,89.0,2,Month-to-Month,1,7.6,1
CUST1104,26,22,40.09,1,One Year,1,7.9,0
CUST1105,41,60,73.58,2,Month-to-Month,1,8.4,0
CUST1106,18,64,29.67,2,One Year,1,10.0,0
CUST1107,61,11,65.04,5,One Year,0,5.3,0
CUST1108,25,14,95.62,2,Month-to-Month,1,6.2,0
CUST1109,41,60,54.76,2,Month-to-Month,1,5.2,0
CUST1110,28,30,86.49,1,Month-to-Month,1,6.0,0
CUST1111,68,35,99.54,1,Month-to-Month,1,9.1,0
CUST1112,34,37,112.72,0,One Year,1,3.3,0
CUST1113,25,5,43.46,0,Two Year,1,4.3,0
CUST1114,52,26,59.93,2,Month-to-Month,0,8.8,0
CUST1115,52,62,35.24,4,Month-to-Month,1,8.0,0
CUST1116,50,4,119.25,2,One Year,1,5.3,0
CUST1117,22,42,112.7,5,Two Year,1,7.7,0
CUST1118,59,18,74.0,1,Month-to-Month,1,6.7,0
CUST1119,56,40,104.2,1,Month-to-Month,1,9.0,0
CUST1120,58,39,72.1,2,One Year,1,6.1,0
CUST1121,45,14,82.36,0,Month-to-Month,1,8.1,0
CUST1122,24,32,28.91,0,Month-to-Month,1,10.0,0
CUST1123,26,51,95.53,4,One Year,1,7.2,1
CUST1124,25,38,32.77,3,One Year,1,6.1,0
CUST1125,29,23,102.61,1,One Year,1,7.4,0
CUST1126,51,63,98.2,2,One Year,0,5.3,0
CUST1127,50,15,90.87,0,One Year,1,10.0,0
CUST1128,65,25,23.62,0,Month-to-Month,1,6.4,0
CUST1129,40,17,50.31,1,Month-to-Month,0,5.5,0
CUST1130,41,66,46.31,2,Month-to-Month,1,4.3,0
CUST1131,54,53,56.01,2,Month-to-Month,1,8.2,1
CUST1132,52,51,28.76,1,One Year,1,7.7,0
CUST1133,61,39,113.7,0,Two Year,1,5.0,0
CUST1134,57,51,75.38,3,Two Year,0,7.2,0
CUST1135,39,70,50.55,3,One Year,1,3.0,0
CUST1136,44,6,59.7,3,Month-to-Month,1,6.4,1
CUST1137,52,67,64.72,5,Month-to-Month,1,6.9,1
CUST1138,18,7,80.06,2,Two Year,1,9.4,0
CUST1139,52,51,71.57,2,One Year,1,4.5,0
CUST1140,54,42,111.94,3,One Year,1,3.4,0
CUST1141,64,64,69.7,2,One Year,1,4.2,1
CUST1142,31,15,119.22,2,One Year,1,3.3,0
CUST1143,20,29,105.14,2,Two Year,1,8.7,0
CUST1144,18,33,40.85,6,Month-to-Month,0,9.1,0
CUST1145,22,27,113.06,4,One Year,0,6.6,0
CUST1146,43,36,31.64,1,Two Year,1,8.4,0
CUST1147,31,29,101.74,6,Month-to-Month,1,6.3,1
CUST1148,56,38,58.06,1,One Year,1,5.8,0
CUST1149,44,57,107.8,3,Month-to-Month,0,5.3,0
CUST1150,26,27,106.81,1,Two Year,0,5.4,0
CUST1151,32,55,100.59,3,Month-to-Month,1,2.9,0
CUST1152,32,33,99.0,4,One Year,1,6.5,0
CUST1153,43,68,50.47,3,Month-to-Month,1,5.9,1
CUST1154,59,66,28.09,3,One Year,1,7.5,0
CUST1155,30,10,60.3,2,Month-to-Month,1,6.2,0
CUST1156,68,5,37.35,4,Month-to-Month,1,5.7,0
CUST1157,49,38,89.5,4,Month-to-Month,1,4.3,1
CUST1158,56,13,54.61,1,Two Year,1,6.1,0
CUST1159,66,31,117.56,2,Month-to-Month,1,7.5,0
CUST1160,69,47,84.1,2,Month-to-Month,1,3.7,1
CUST1161,49,52,102.25,2,One Year,0,6.2,0
CUST1162,21,56,33.25,2,One Year,1,6.5,0
CUST1163,47,15,106.2,2,Two Year,1,4.6,0
CUST1164,54,29,112.28,4,Month-to-Month,1,4.8,1
CUST1165,40,8,68.71,1,One Year,0,6.5,0
CUST1166,56,5,80.63,1,Month-to-Month,1,3.7,0
CUST1167,62,29,96.48,1,Month-to-Month,1,6.7,0
CUST1168,32,47,37.48,2,One Year,1,4.2,0
CUST1169,60,68,70.26,1,One Year,1,8.1,0
CUST1170,46,45,59.87,1,One Year,1,10.0,0
CUST1171,53,2,34.64,3,Month-to-Month,1,4.3,1
CUST1172,30,27,56.75,2,Month-to-Month,1,7.1,0
CUST1173,49,36,26.82,1,Month-to-Month,1,4.5,0
CUST1174,24,36,22.58,1,Two Year,1,8.1,0
CUST1175,68,26,33.52,3,Month-to-Month,1,3.5,0
CUST1176,39,43,116.31,0,Month-to-Month,1,7.0,0
CUST1177,45,27,74.95,2,Month-to-Month,1,4.3,0
CUST1178,19,69,116.58,3,One Year,1,5.6,0
CUST1179,59,20,63.25,0,Month-to-Month,1,3.9,0
CUST1180,62,11,51.18,3,Two Year,1,7.6,0
CUST1181,23,38,70.61,2,Month-to-Month,1,4.3,1
CUST1182,45,6,63.95,3,Two Year,1,7.1,0
CUST1183,45,23,30.57,2,Month-to-Month,1,5.3,0
CUST1184,61,47,84.08,2,One Year,1,5.8,0
CUST1185,61,46,41.6,3,Two Year,1,6.3,0
CUST1186,37,12,81.96,2,Month-to-Month,0,4.5,0
CUST1187,47,13,85.02,3,Two Year,1,6.4,0
CUST1188,28,62,35.2,2,Month-to-Month,1,9.1,0
CUST1189,45,60,26.13,0,Two Year,1,4.4,0
CUST1190,42,43,98.08,1,One Year,1,8.3,0
CUST1191,56,68,65.98,3,Month-to-Month,1,9.0,1
CUST1192,50,5,25.82,2,Month-to-Month,0,4.4,0
CUST1193,18,37,119.49,3,Month-to-Month,1,3.1,0
CUST1194,44,31,25.78,1,Month-to-Month,1,6.6,1
CUST1195,69,9,89.5,2,Month-to-Month,1,4.9,0
CUST1196,30,51,118.37,0,Month-to-Month,1,9.7,0
CUST1197,58,29,43.92,1,Month-to-Month,0,6.1,0
CUST1198,20,40,34.22,1,One Year,1,4.4,0
CUST1199,56,41,32.14,0,Month-to-Month,1,3.7,0
CUST1200,23,11,50.33,4,Month-to-Month,1,8.2,0
CUST1201,25,23,30.1,6,One Year,0,4.9,0
CUST1202,44,1,89.22,4,Month-to-Month,1,6.1,0
CUST1203,26,46,26.23,3,Month-to-Month,0,7.9,0
CUST1204,54,21,70.94,1,Month-to-Month,1,5.0,0
CUST1205,50,36,119.67,4,Two Year,1,5.9,0
CUST1206,68,54,101.4,2,Two Year,1,6.0,0
CUST1207,59,57,81.52,3,Month-to-Month,1,7.4,0
CUST1208,61,1,50.63,2,One Year,1,7.2,0
CUST1209,41,63,82.39,0,One Year,1,5.6,0
CUST1210,32,54,72.7,2,One Year,0,6.1,0
CUST1211,49,55,62.61,2,One Year,1,5.3,0
CUST1212,49,40,33.07,3,One Year,1,3.0,0
CUST1213,41,15,108.66,1,Month-to-Month,0,6.5,0
CUST1214,58,21,64.98,0,Month-to-Month,1,9.8,0
CUST1215,69,47,39.46,1,Month-to-Month,1,4.2,1
CUST1216,66,53,56.78,3,Two Year,0,4.5,0
CUST1217,66,9,61.41,1,One Year,0,4.3,0
CUST1218,69,52,102.75,1,Two Year,1,7.4,0
CUST1219,29,57,93.36,2,Two Year,1,6.9,0
CUST1220,56,26,96.93,5,Month-to-Month,1,5.7,1
CUST1221,19,41,21.1,4,One Year,1,4.2,0
CUST1222,20,35,61.62,2,One Year,1,6.2,1
CUST1223,66,63,68.13,2,Two Year,0,2.9,0
CUST1224,54,25,21.92,5,Two Year,1,6.3,0
CUST1225,66,38,45.98,1,One Year,1,7.7,0
CUST1226,34,2,96.03,2,Month-to-Month,1,3.5,0
CUST1227,66,7,33.71,1,One Year,1,2.9,0
CUST1228,19,34,73.53,3,Month-to-Month,1,9.2,0
CUST1229,19,17,41.52,0,One Year,0,4.8,0
CUST1230,45,43,21.21,0,Two Year,0,8.3,0
CUST1231,40,59,44.12,2,Month-to-Month,1,5.7,1
CUST1232,54,51,117.59,1,One Year,1,5.7,0
CUST1233,49,54,100.15,1,Month-to-Month,1,6.9,0
CUST1234,50,24,115.96,2,Month-to-Month,1,4.2,0
CUST1235,18,25,68.79,1,Month-to-Month,1,6.3,0
CUST1236,36,71,30.97,2,One Year,1,5.2,1
CUST1237,19,52,74.8,2,Two Year,0,3.4,0
CUST1238,61,70,65.44,3,Two Year,0,6.7,0
CUST1239,43,33,104.44,3,Month-to-Month,1,5.5,0
CUST1240,49,49,29.81,1,Two Year,1,5.7,0
CUST1241,23,29,68.82,1,One Year,1,3.6,0
CUST1242,49,63,35.0,1,Month-to-Month,1,9.2,1
CUST1243,21,22,52.47,2,Month-to-Month,1,7.8,0
CUST1244,28,26,93.74,2,Month-to-Month,1,7.9,1
CUST1245,34,28,67.6,1,Two Year,1,5.4,0
CUST1246,55,49,57.59,1,One Year,0,2.5,0
CUST1247,41,71,59.45,3,One Year,1,9.9,0
CUST1248,22,49,65.94,1,Month-to-Month,1,5.9,0
CUST1249,69,20,98.5,5,One Year,0,4.5,1
CUST1250,51,63,109.21,2,Month-to-Month,1,6.8,1
CUST1251,23,61,115.53,3,Month-to-Month,1,8.3,0
CUST1252,39,49,98.69,0,One Year,1,6.0,0
CUST1253,28,71,51.54,3,Month-to-Month,1,8.6,0
CUST1254,65,1,88.81,0,Two Year,1,8.2,0
CUST1255,33,13,63.76,4,Month-to-Month,0,3.8,0
CUST1256,50,51,45.47,1,One Year,1,4.7,0
CUST1257,26,56,104.09,2,Month-to-Month,1,7.9,0
CUST1258,23,62,23.84,3,One Year,1,1.0,0
CUST1259,33,32,110.18,1,Month-to-Month,1,5.7,0
CUST1260,46,30,66.15,0,Month-to-Month,1,3.1,0
CUST1261,20,29,83.72,2,Two Year,1,5.0,0
CUST1262,37,49,85.94,2,Month-to-Month,1,5.4,0
CUST1263,53,45,109.51,2,Two Year,1,5.3,0
CUST1264,36,30,83.67,0,Two Year,1,4.9,0
CUST1265,43,16,81.39,3,Month-to-Month,1,3.8,0
CUST1266,20,40,26.67,5,Month-to-Month,1,10.0,0
CUST1267,36,19,71.84,1,One Year,1,9.7,0
CUST1268,37,18,35.02,2,Two Year,1,3.7,0
CUST1269,49,1,93.74,2,Two Year,1,9.2,0
CUST1270,24,47,71.22,6,One Year,1,5.2,1
CUST1271,69,66,88.02,1,One Year,1,6.3,0
CUST1272,58,38,24.17,2,Month-to-Month,1,5.9,1
CUST1273,50,51,28.48,1,Two Year,1,4.7,0
CUST1274,57,63,91.63,1,Two Year,0,8.0,0
CUST1275,56,4,27.21,2,Month-to-Month,1,6.3,0
CUST1276,35,1,27.13,0,Month-to-Month,0,5.0,0
CUST1277,57,8,21.21,4,Month-to-Month,0,3.4,0
CUST1278,18,29,115.65,2,Month-to-Month,1,4.2,0
CUST1279,28,55,93.75,3,Two Year,1,2.7,0
CUST1280,45,3,55.33,1,Month-to-Month,1,6.0,0
CUST1281,42,32,49.65,1,Month-to-Month,1,3.6,1
CUST1282,67,10,54.97,3,Month-to-Month,1,5.5,0
CUST1283,40,34,97.47,2,Two Year,1,8.7,0
CUST1284,48,55,86.14,2,One Year,1,8.4,0
CUST1285,47,32,38.52,0,Month-to-Month,1,5.9,0
CUST1286,59,50,37.41,1,Month-to-Month,1,5.8,0
CUST1287,52,7,29.84,2,Two Year,0,9.8,0
CUST1288,24,8,86.03,0,Two Year,0,7.0,0
CUST1289,33,65,96.44,4,Month-to-Month,1,5.3,0
CUST1290,43,57,46.5,5,Month-to-Month,1,3.1,1
CUST1291,65,67,22.09,0,Month-to-Month,0,6.8,0
CUST1292,69,59,28.22,0,Month-to-Month,1,7.7,1
CUST1293,66,54,116.79,6,One Year,1,4.7,0
CUST1294,19,67,49.54,0,Two Year,1,6.6,0
CUST1295,18,51,96.92,1,Month-to-Month,1,5.3,1
CUST1296,65,8,82.47,0,Two Year,1,5.6,0
CUST1297,29,34,58.19,3,Month-to-Month,1,1.0,0
CUST1298,22,35,40.57,2,One Year,1,5.6,0
CUST1299,54,32,32.14,3,One Year,1,7.9,0
CUST1300,49,46,81.5,5,Month-to-Month,1,4.7,1
CUST1301,26,16,97.46,5,Month-to-Month,1,6.1,0
CUST1302,58,68,84.39,2,One Year,0,4.5,0
CUST1303,52,37,73.03,3,Month-to-Month,1,6.7,1
CUST1304,36,54,24.2,6,Month-to-Month,1,5.6,0
CUST1305,65,14,116.85,3,One Year,1,4.1,0
CUST1306,33,55,99.87,2,Two Year,1,8.7,0
CUST1307,20,48,49.28,3,Month-to-Month,0,7.9,0
CUST1308,37,7,118.0,1,Two Year,1,4.8,0
CUST1309,41,7,80.19,1,Month-to-Month,1,7.0,0
CUST1310,50,33,78.24,4,One Year,1,7.1,0
CUST1311,41,23,94.81,0,One Year,0,7.3,1
CUST1312,69,19,101.18,6,Two Year,1,2.6,1
CUST1313,28,19,85.65,2,Month-to-Month,1,8.0,1
CUST1314,66,36,32.81,3,One Year,0,4.9,1
CUST1315,25,29,53.83,2,One Year,1,5.3,0
CUST1316,53,60,112.81,0,Month-to-Month,1,10.0,0
CUST1317,55,2,42.46,1,Month-to-Month,0,6.6,1
CUST1318,57,1,57.22,4,Month-to-Month,0,5.2,1
CUST1319,37,47,63.21,3,Month-to-Month,0,1.6,0
CUST1320,52,69,63.94,3,Two Year,1,8.8,0
CUST1321,65,20,81.29,5,Month-to-Month,0,3.3,1
CUST1322,42,11,114.31,1,Month-to-Month,1,4.0,1
CUST1323,52,2,44.07,4,One Year,1,5.3,1
CUST1324,42,67,32.15,1,Month-to-Month,1,8.8,0
CUST1325,46,12,39.75,1,One Year,0,7.5,0
CUST1326,35,20,108.69,1,Month-to-Month,1,5.7,0
CUST1327,63,5,84.58,0,Two Year,1,6.6,0
CUST1328,35,37,48.59,1,Two Year,1,4.8,0
CUST1329,19,38,101.59,4,Two Year,1,6.3,0
CUST1330,52,9,106.14,2,Month-to-Month,0,6.1,0
CUST1331,33,53,104.65,1,One Year,1,7.9,0
CUST1332,58,44,111.89,1,Month-to-Month,1,7.9,0
CUST1333,53,24,45.22,1,Month-to-Month,1,7.0,0
CUST1334,50,30,95.5,2,Month-to-Month,1,5.3,0
CUST1335,21,59,66.05,2,One Year,1,7.5,0
CUST1336,50,14,104.2,0,Month-to-Month,0,5.8,1
CUST1337,31,9,92.85,2,One Year,1,3.8,0
CUST1338,38,40,97.64,1,Month-to-Month,1,5.2,1
CUST1339,65,66,85.62,2,Month-to-Month,0,6.2,0
CUST1340,37,25,37.74,2,One Year,1,7.8,0
CUST1341,25,22,74.5,0,Month-to-Month,1,5.6,0
CUST1342,24,4,118.47,2,One Year,1,3.6,0
CUST1343,20,26,113.74,0,Month-to-Month,0,6.1,0
CUST1344,34,58,24.32,3,Two Year,1,6.2,0
CUST1345,50,29,36.48,4,One Year,1,6.4,0
CUST1346,65,37,33.17,4,Month-to-Month,1,7.8,0
CUST1347,29,70,92.6,3,Month-to-Month,0,8.0,0
CUST1348,68,18,101.78,3,One Year,1,4.8,0
CUST1349,39,42,41.35,2,Two Year,1,4.8,0
CUST1350,39,41,70.59,0,Month-to-Month,1,3.9,1
CUST1351,63,38,104.07,2,Month-to-Month,1,7.4,0
CUST1352,47,34,93.28,3,Two Year,0,8.9,0
CUST1353,55,17,74.22,1,One Year,0,5.4,0
CUST1354,55,37,79.03,2,Month-to-Month,1,5.5,1
CUST1355,62,25,70.84,1,Month-to-Month,1,8.9,0
CUST1356,68,27,49.75,1,Month-to-Month,1,7.0,0
CUST1357,25,57,76.5,2,One Year,1,6.9,0
CUST1358,44,31,88.89,3,Month-to-Month,1,3.6,0
CUST1359,44,6,107.33,2,Two Year,1,7.4,0
CUST1360,51,40,83.63,0,Month-to-Month,1,4.1,1
CUST1361,38,12,96.11,3,Month-to-Month,1,3.7,1
CUST1362,47,53,36.01,2,One Year,1,5.3,0
CUST1363,50,71,66.16,2,Two Year,1,4.8,0
CUST1364,45,10,20.93,0,Two Year,0,5.6,0
CUST1365,64,45,44.67,4,Month-to-Month,1,3.1,0
CUST1366,50,17,92.65,2,One Year,1,7.9,0
CUST1367,22,26,119.18,2,One Year,1,8.3,0
CUST1368,65,62,29.92,1,Month-to-Month,1,2.1,0
CUST1369,36,46,60.15,2,Month-to-Month,1,8.0,0
CUST1370,21,64,100.01,2,Month-to-Month,1,4.4,0
CUST1371,52,2,40.4,2,Month-to-Month,1,7.7,1
CUST1372,66,54,75.51,4,Two Year,1,5.9,0
CUST1373,34,65,93.31,0,Month-to-Month,0,6.1,0
CUST1374,61,51,81.6,1,Two Year,1,5.6,0
CUST1375,45,53,38.8,4,One Year,1,8.4,0
CUST1376,47,36,55.54,0,One Year,1,3.5,0
CUST1377,46,26,98.38,0,One Year,0,7.2,0
CUST1378,63,29,75.42,3,Month-to-Month,0,8.2,0
CUST1379,23,21,20.52,0,Month-to-Month,1,7.4,0
CUST1380,52,11,96.1,1,Month-to-Month,1,10.0,0
CUST1381,58,40,23.53,0,One Year,0,4.9,0
CUST1382,54,11,94.57,1,Month-to-Month,1,7.9,1
CUST1383,41,36,40.25,2,One Year,1,5.8,0
CUST1384,46,59,115.81,2,Month-to-Month,1,8.5,1
CUST1385,66,39,56.79,1,Month-to-Month,1,6.0,0
CUST1386,63,54,52.69,2,Month-to-Month,1,5.2,1
CUST1387,48,55,34.89,3,Two Year,1,8.6,0
CUST1388,52,24,50.56,0,One Year,1,5.0,0
CUST1389,50,22,107.67,3,Month-to-Month,1,3.2,1
CUST1390,69,69,119.63,1,One Year,1,5.0,0
CUST1391,38,56,56.83,4,Month-to-Month,0,7.2,1
CUST1392,49,33,64.86,5,Two Year,1,8.8,0
CUST1393,40,36,92.21,1,One Year,1,6.2,0
CUST1394,50,20,108.62,1,Month-to-Month,1,8.6,1
CUST1395,20,62,79.3,4,One Year,1,3.3,0
CUST1396,35,26,59.15,1,Month-to-Month,1,5.1,0
CUST1397,42,66,61.26,1,Two Year,0,5.4,0
CUST1398,59,40,89.56,3,Month-to-Month,1,5.8,1
CUST1399,48,17,20.32,2,One Year,1,6.2,0
CUST1400,20,1,81.96,0,Month-to-Month,1,7.4,0
CUST1401,57,61,55.55,1,One Year,0,5.1,0
CUST1402,63,43,99.42,2,One Year,1,6.3,0
CUST1403,41,42,29.3,1,One Year,1,5.9,0
CUST1404,67,25,78.82,4,One Year,1,4.1,1
CUST1405,49,39,68.1,3,Two Year,1,5.8,0
CUST1406,64,35,84.23,0,Month-to-Month,1,5.7,0
CUST1407,39,3,26.49,2,Month-to-Month,0,5.7,0
CUST1408,40,44,78.0,4,Month-to-Month,1,6.1,0
CUST1409,19,51,76.15,2,Two Year,0,6.2,0
CUST1410,44,12,76.07,1,Month-to-Month,1,5.1,0
CUST1411,59,19,80.35,2,One Year,1,8.5,0
CUST1412,19,44,87.65,2,One Year,1,3.7,0
CUST1413,43,59,100.5,2,Month-to-Month,1,4.6,0
CUST1414,34,49,46.98,1,Month-to-Month,1,10.0,0
CUST1415,57,61,102.5,0,Month-to-Month,1,3.9,0
CUST1416,50,17,69.83,3,Month-to-Month,1,3.3,1
CUST1417,26,57,27.71,6,Month-to-Month,1,7.5,1
CUST1418,60,55,25.86,1,Month-to-Month,1,1.8,1
CUST1419,65,47,53.42,2,Two Year,0,5.5,0
CUST1420,56,12,98.49,2,Two Year,1,10.0,0
CUST1421,46,62,90.77,2,Month-to-Month,1,2.9,1
CUST1422,59,8,98.86,2,Month-to-Month,0,2.0,1
CUST1423,43,21,71.73,2,Month-to-Month,1,3.0,1
CUST1424,52,70,64.02,1,One Year,1,7.8,0
CUST1425,67,25,34.75,4,Two Year,0,8.2,0
CUST1426,42,12,52.82,3,Month-to-Month,1,5.0,1
CUST1427,41,15,63.4,0,Month-to-Month,1,7.4,0
CUST1428,30,59,28.86,2,One Year,1,8.8,0
CUST1429,24,26,42.06,2,One Year,0,9.6,0
CUST1430,53,26,79.82,3,Month-to-Month,1,5.5,0
CUST1431,62,47,93.57,1,One Year,1,1.4,0
CUST1432,37,32,119.83,2,Month-to-Month,1,4.4,0
CUST1433,18,10,113.31,0,Month-to-Month,1,5.1,0
CUST1434,25,16,84.26,3,One Year,1,5.5,0
CUST1435,63,71,62.12,3,Two Year,1,5.6,0
CUST1436,33,17,83.62,2,Month-to-Month,1,8.2,0
CUST1437,31,23,98.57,0,Two Year,1,8.5,0
CUST1438,29,26,31.83,3,Month-to-Month,1,5.7,0
CUST1439,68,7,60.99,2,One Year,1,8.2,0
CUST1440,40,14,103.98,4,Month-to-Month,1,6.7,0
CUST1441,32,7,58.38,1,Two Year,0,6.1,0
CUST1442,45,9,77.19,3,Two Year,1,7.8,0
CUST1443,51,48,78.78,2,Month-to-Month,1,6.1,0
CUST1444,19,59,38.45,4,Two Year,1,10.0,0
CUST1445,49,39,56.22,0,Two Year,1,3.1,0
CUST1446,40,18,53.45,2,One Year,0,5.0,0
CUST1447,39,59,22.62,1,Month-to-Month,1,5.7,0
CUST1448,68,17,22.42,1,Two Year,0,6.9,0
CUST1449,42,14,103.17,1,Two Year,1,8.5,0
CUST1450,39,31,47.31,0,Month-to-Month,1,6.0,0
CUST1451,39,24,71.81,1,Two Year,1,3.2,0
CUST1452,66,60,49.87,2,Month-to-Month,1,7.7,0
CUST1453,69,45,114.07,3,Month-to-Month,1,7.5,0
CUST1454,59,3,45.93,5,One Year,1,2.1,0
CUST1455,23,37,62.97,3,One Year,0,6.0,0
CUST1456,32,43,107.27,2,One Year,0,2.8,0
CUST1457,60,40,104.19,4,Month-to-Month,1,4.7,0
CUST1458,54,55,38.61,3,Two Year,1,4.2,0
CUST1459,50,39,100.26,2,Month-to-Month,1,7.6,0
CUST1460,25,15,65.82,1,Month-to-Month,1,6.2,0
CUST1461,61,4,68.3,1,Month-to-Month,1,3.4,0
CUST1462,61,25,33.35,4,One Year,1,7.8,0
CUST1463,22,13,28.06,5,Two Year,1,3.1,0
CUST1464,56,33,92.79,1,One Year,0,6.7,0
CUST1465,21,16,69.65,3,Two Year,0,4.4,0
CUST1466,23,42,63.69,2,Month-to-Month,1,5.3,1
CUST1467,62,66,92.95,1,One Year,1,7.0,0
CUST1468,49,55,96.55,2,Month-to-Month,1,7.0,0
CUST1469,69,42,35.89,1,Month-to-Month,0,8.7,0
CUST1470,47,34,81.02,2,Month-to-Month,1,5.8,0
CUST1471,64,30,33.54,1,One Year,1,6.6,0
CUST1472,52,13,95.14,0,One Year,1,5.1,0
CUST1473,57,13,85.7,2,One Year,1,6.4,0
CUST1474,69,18,115.66,1,Month-to-Month,1,6.9,0
CUST1475,33,32,26.9,2,Month-to-Month,1,5.8,1
CUST1476,30,39,25.71,3,One Year,0,2.4,0
CUST1477,67,46,48.22,0,Month-to-Month,0,6.7,0
CUST1478,59,29,46.17,0,Two Year,1,6.7,0
CUST1479,47,62,44.7,2,One Year,1,4.6,0
CUST1480,36,62,110.63,1,Month-to-Month,1,3.4,0
CUST1481,34,57,44.95,2,Two Year,1,9.0,0
CUST1482,36,16,47.19,3,One Year,1,7.0,0
CUST1483,45,56,95.94,2,Month-to-Month,0,5.5,0
CUST1484,43,10,64.97,3,One Year,1,3.7,0
CUST1485,54,30,97.67,3,Month-to-Month,1,4.4,1
CUST1486,43,25,26.54,3,Two Year,1,8.6,0
CUST1487,40,5,68.76,2,Two Year,1,6.3,0
CUST1488,26,65,23.36,0,Two Year,1,4.9,0
CUST1489,29,49,26.27,2,One Year,0,7.0,0
CUST1490,18,3,110.64,2,Month-to-Month,1,4.4,1
CUST1491,18,45,33.92,2,One Year,1,9.0,0
CUST1492,64,14,73.24,3,Month-to-Month,1,8.7,1
CUST1493,51,30,61.11,1,One Year,0,5.1,0
CUST1494,49,68,54.73,2,One Year,1,4.7,0
CUST1495,65,18,109.98,0,Month-to-Month,1,1.0,0
CUST1496,42,62,22.18,0,Month-to-Month,1,3.0,1
CUST1497,57,37,86.38,2,Two Year,1,3.3,0
CUST1498,62,25,116.34,3,Two Year,1,6.3,0
CUST1499,18,48,76.02,1,Month-to-Month,1,5.3,0
CUST1500,33,65,113.68,1,Month-to-Month,1,3.3,0
CUST1501,56,53,25.23,4,Month-to-Month,1,5.4,1
CUST1502,22,15,61.88,1,Two Year,0,7.0,0
CUST1503,39,49,46.02,2,Month-to-Month,1,7.1,0
CUST1504,46,68,93.08,0,One Year,1,2.2,0
CUST1505,20,12,118.13,4,Month-to-Month,0,5.7,1
CUST1506,29,59,45.65,3,One Year,1,3.2,0
CUST1507,43,37,85.42,2,Month-to-Month,1,7.8,0
CUST1508,33,61,39.81,2,One Year,1,7.6,0
CUST1509,68,43,76.53,3,Month-to-Month,1,4.2,0
CUST1510,54,70,66.39,3,One Year,1,4.5,0
CUST1511,39,39,117.2,1,Month-to-Month,1,5.1,0
CUST1512,46,56,80.85,3,One Year,1,1.5,0
CUST1513,31,63,54.95,3,Two Year,1,6.7,0
CUST1514,45,46,31.41,0,Month-to-Month,1,5.5,0
CUST1515,22,11,35.12,4,Two Year,1,7.9,0
CUST1516,64,62,42.53,4,One Year,1,3.8,0
CUST1517,66,25,45.1,2,Month-to-Month,1,4.8,0
CUST1518,47,71,105.06,2,Month-to-Month,1,3.0,0
CUST1519,63,52,76.12,2,Month-to-Month,0,4.0,1
CUST1520,69,4,72.34,0,One Year,1,3.6,0
CUST1521,22,59,31.48,2,One Year,1,8.0,0
CUST1522,29,20,106.01,2,Month-to-Month,1,4.6,0
CUST1523,33,63,92.28,3,One Year,0,6.2,0
CUST1524,43,54,26.77,0,Two Year,1,5.2,0
CUST1525,43,57,90.78,1,Two Year,1,3.5,0
CUST1526,65,41,74.35,3,One Year,1,5.7,0
CUST1527,38,3,28.17,3,Two Year,1,7.2,0
CUST1528,56,6,65.83,4,One Year,1,3.6,0
CUST1529,53,5,68.47,0,Month-to-Month,1,7.6,0
CUST1530,50,5,36.58,3,Two Year,1,4.3,0
CUST1531,47,54,114.57,1,Month-to-Month,0,5.0,1
CUST1532,54,47,105.0,2,Month-to-Month,1,7.1,0
CUST1533,40,49,86.9,5,Month-to-Month,1,4.7,1
CUST1534,27,9,66.23,0,Two Year,1,6.1,0
CUST1535,22,20,61.18,1,Two Year,1,5.4,0
CUST1536,53,61,85.1,3,Month-to-Month,1,6.3,1
CUST1537,51,35,74.54,3,Month-to-Month,1,1.2,0
CUST1538,69,50,26.23,1,Month-to-Month,1,2.3,0
CUST1539,48,62,71.25,0,One Year,1,7.2,1
CUST1540,27,17,100.64,3,Month-to-Month,0,8.1,1
CUST1541,36,3,65.92,3,One Year,1,4.2,1
CUST1542,49,32,25.2,0,Month-to-Month,0,5.5,0
CUST1543,18,13,98.63,2,Month-to-Month,1,6.6,1
CUST1544,22,68,40.14,0,Month-to-Month,0,7.4,0
CUST1545,62,14,45.86,4,Month-to-Month,0,1.9,1
CUST1546,21,11,36.47,0,Two Year,1,4.2,0
CUST1547,33,56,53.02,2,Month-to-Month,1,5.3,0
CUST1548,41,67,95.68,1,Month-to-Month,1,7.4,0
CUST1549,33,29,71.94,0,Month-to-Month,0,10.0,0
CUST1550,19,9,40.49,1,Month-to-Month,1,5.5,1
CUST1551,66,67,107.78,2,Month-to-Month,0,3.2,0
CUST1552,45,25,107.96,5,Month-to-Month,1,6.8,0
CUST1553,49,42,107.06,1,One Year,1,8.6,0
CUST1554,44,9,43.88,3,One Year,1,6.2,0
CUST1555,37,40,65.12,1,Month-to-Month,1,4.2,1
CUST1556,41,25,118.5,5,Month-to-Month,1,7.9,0
CUST1557,29,5,97.2,2,Two Year,1,7.3,0
CUST1558,67,11,22.72,0,Month-to-Month,1,3.9,0
CUST1559,52,59,26.52,1,Month-to-Month,1,6.8,0
CUST1560,50,38,66.39,2,Month-to-Month,1,8.0,0
CUST1561,50,5,110.92,0,Month-to-Month,0,8.4,0
CUST1562,68,48,73.87,1,One Year,1,5.9,0
CUST1563,60,18,69.78,3,Month-to-Month,1,5.3,1
CUST1564,54,70,30.55,0,One Year,1,8.5,0
CUST1565,29,37,85.68,0,Month-to-Month,0,3.6,0
CUST1566,20,60,102.21,2,Month-to-Month,0,6.9,0
CUST1567,18,48,58.04,2,One Year,1,3.3,1
CUST1568,50,28,97.56,2,Month-to-Month,1,8.1,0
CUST1569,57,69,116.45,4,One Year,0,5.5,0
CUST1570,27,40,40.38,3,Month-to-Month,1,8.5,0
CUST1571,60,45,72.33,1,One Year,1,7.0,0
CUST1572,61,62,48.71,3,Month-to-Month,1,3.6,1
CUST1573,46,58,99.29,1,Two Year,0,8.8,0
CUST1574,30,67,77.76,3,Month-to-Month,1,9.1,0
CUST1575,29,56,83.46,3,Two Year,1,7.8,0
CUST1576,48,40,99.79,2,Month-to-Month,0,4.5,0
CUST1577,63,40,59.6,3,One Year,1,5.4,0
CUST1578,19,33,111.51,2,Month-to-Month,1,6.3,0
CUST1579,68,6,73.3,3,Two Year,1,4.6,0
CUST1580,67,19,35.8,1,Month-to-Month,1,9.4,1
CUST1581,52,40,89.59,3,Month-to-Month,0,6.3,0
CUST1582,40,59,99.33,2,Month-to-Month,0,1.0,1
CUST1583,34,59,51.68,4,Month-to-Month,1,6.7,0
CUST1584,43,48,105.72,3,Month-to-Month,1,5.3,1
CUST1585,25,41,110.61,1,Two Year,1,5.9,1
CUST1586,46,13,47.69,1,Two Year,1,5.3,0
CUST1587,43,45,118.35,2,Month-to-Month,1,7.6,0
CUST1588,27,53,34.07,4,Two Year,1,8.2,0
CUST1589,43,42,40.2,2,One Year,0,6.6,0
CUST1590,51,63,38.42,3,Month-to-Month,1,5.3,0
CUST1591,68,27,109.4,1,One Year,1,5.9,0
CUST1592,58,38,85.43,2,One Year,1,6.0,0
CUST1593,24,60,35.21,4,Two Year,0,4.4,0
CUST1594,21,7,64.03,4,Month-to-Month,1,7.2,1
CUST1595,67,5,81.53,1,One Year,1,6.9,0
CUST1596,62,45,28.35,3,Month-to-Month,1,9.1,0
CUST1597,28,58,108.24,0,Month-to-Month,0,8.5,0
CUST1598,46,31,100.36,2,Month-to-Month,1,4.6,0
CUST1599,53,23,70.52,5,Two Year,1,7.6,0
CUST1600,42,42,116.71,1,Two Year,1,4.1,0
CUST1601,38,10,61.78,2,One Year,1,7.4,0
CUST1602,53,32,118.41,2,One Year,0,5.0,0
CUST1603,27,53,86.79,0,Month-to-Month,1,4.0,0
CUST1604,54,30,83.47,3,Month-to-Month,1,6.6,0
CUST1605,26,39,36.6,1,Month-to-Month,1,1.0,0
CUST1606,41,31,108.19,4,Month-to-Month,1,2.5,0
CUST1607,52,2,62.75,5,One Year,1,5.6,0
CUST1608,66,12,36.22,3,One Year,1,6.2,0
CUST1609,52,39,21.26,2,Month-to-Month,0,5.3,0
CUST1610,65,66,75.98,0,Month-to-Month,1,2.8,0
CUST1611,53,13,72.74,3,Month-to-Month,1,4.4,0
CUST1612,35,46,91.94,1,Month-to-Month,1,6.8,0
CUST1613,66,27,109.03,1,Two Year,1,7.2,0
CUST1614,56,17,27.94,1,One Year,1,6.0,0
CUST1615,49,60,93.15,1,Two Year,0,8.3,0
CUST1616,41,64,38.74,2,Month-to-Month,1,6.8,0
CUST1617,40,35,105.82,2,Month-to-Month,0,4.5,0
CUST1618,49,70,101.91,1,Month-to-Month,1,5.4,1
CUST1619,54,30,74.08,0,Two Year,1,3.2,0
CUST1620,29,71,91.02,5,One Year,1,5.8,0
CUST1621,66,63,51.44,0,Month-to-Month,1,8.2,0
CUST1622,30,28,67.12,0,One Year,1,7.4,0
CUST1623,40,60,102.16,1,Month-to-Month,1,8.8,0
CUST1624,42,37,65.93,1,One Year,1,5.4,0
CUST1625,52,22,55.78,3,Two Year,1,8.7,0
CUST1626,58,68,69.42,1,One Year,1,5.6,0
CUST1627,47,20,102.82,0,One Year,0,8.9,0
CUST1628,34,68,53.52,1,Month-to-Month,1,6.0,0
CUST1629,66,64,37.38,4,Month-to-Month,1,7.4,0
CUST1630,37,17,91.2,2,Month-to-Month,1,9.0,0
CUST1631,65,12,102.6,0,Month-to-Month,1,5.6,0
CUST1632,42,22,30.06,3,One Year,1,6.4,0
CUST1633,39,17,43.99,1,One Year,1,8.6,0
CUST1634,30,10,34.2,1,Month-to-Month,1,5.7,0
CUST1635,36,65,54.79,0,Two Year,1,3.4,0
CUST1636,66,22,65.04,3,Month-to-Month,1,10.0,0
CUST1637,53,50,94.88,1,Month-to-Month,1,5.1,0
CUST1638,29,14,85.11,0,Month-to-Month,1,6.3,0
CUST1639,58,64,82.09,2,Month-to-Month,1,8.3,0
CUST1640,36,47,55.24,3,Month-to-Month,1,4.8,1
CUST1641,29,29,104.14,1,Month-to-Month,0,4.0,1
CUST1642,26,36,67.13,5,Month-to-Month,1,6.5,1
CUST1643,24,52,117.91,3,Two Year,1,2.4,0
CUST1644,45,7,83.41,3,Month-to-Month,1,5.4,0
CUST1645,31,29,32.63,4,Month-to-Month,1,6.5,1
CUST1646,48,11,87.62,1,Month-to-Month,1,5.5,0
CUST1647,69,33,52.51,2,One Year,1,2.9,0
CUST1648,36,6,88.63,2,Month-to-Month,1,9.2,1
CUST1649,64,32,26.96,2,Two Year,1,6.2,0
CUST1650,33,51,37.49,2,One Year,0,8.9,0
CUST1651,22,58,105.57,3,One Year,1,5.5,0
CUST1652,52,26,42.72,3,One Year,1,4.2,0
CUST1653,29,46,103.7,2,Month-to-Month,1,6.5,0
CUST1654,42,29,47.93,3,Month-to-Month,1,5.6,1
CUST1655,69,4,84.29,1,Month-to-Month,1,3.6,0
CUST1656,38,13,89.42,3,One Year,1,8.9,0
CUST1657,53,39,71.27,5,Month-to-Month,1,4.8,1
CUST1658,40,15,50.53,0,Month-to-Month,1,2.3,1
CUST1659,33,29,41.26,1,Two Year,1,8.7,0
CUST1660,56,29,23.32,2,Month-to-Month,1,5.0,1
CUST1661,62,32,50.39,0,Two Year,1,4.8,0
CUST1662,59,2,85.32,2,One Year,1,2.5,0
CUST1663,56,47,113.83,0,Month-to-Month,1,9.5,0
CUST1664,31,22,107.12,2,Month-to-Month,1,3.4,0
CUST1665,48,27,96.61,1,Month-to-Month,1,6.1,0
CUST1666,22,67,98.84,3,One Year,1,7.8,0
CUST1667,52,56,86.5,2,One Year,1,6.8,0
CUST1668,40,21,46.03,5,One Year,1,5.9,1
CUST1669,46,47,110.72,3,Two Year,0,2.6,0
CUST1670,60,59,87.07,1,One Year,1,4.4,1
CUST1671,28,6,76.04,1,Month-to-Month,1,6.4,1
CUST1672,35,19,31.1,3,Month-to-Month,0,4.4,0
CUST1673,64,57,64.71,0,Two Year,1,6.4,0
CUST1674,29,69,66.04,0,Month-to-Month,1,7.4,0
CUST1675,26,3,106.46,1,Month-to-Month,1,7.9,0
CUST1676,27,1,74.66,1,One Year,1,3.5,0
CUST1677,61,58,58.04,2,Month-to-Month,0,10.0,0
CUST1678,34,38,117.68,4,Two Year,1,7.5,0
CUST1679,55,15,31.07,2,One Year,0,6.0,0
CUST1680,24,34,62.25,6,Month-to-Month,1,8.2,1
CUST1681,63,61,24.2,1,Two Year,0,10.0,0
CUST1682,30,35,93.99,2,Month-to-Month,1,3.1,0
CUST1683,57,64,111.81,1,Month-to-Month,1,5.5,0
CUST1684,59,25,48.0,3,Month-to-Month,1,1.2,1
CUST1685,26,24,105.83,3,Month-to-Month,1,6.4,0
CUST1686,67,12,49.22,2,Month-to-Month,1,6.7,0
CUST1687,44,18,111.08,4,Month-to-Month,0,5.9,1
CUST1688,19,15,95.4,2,Month-to-Month,1,4.7,1
CUST1689,22,27,100.49,3,Month-to-Month,1,1.9,1
CUST1690,46,60,21.8,2,One Year,0,6.7,0
CUST1691,54,46,116.28,2,Two Year,1,8.9,0
CUST1692,55,17,92.67,1,Month-to-Month,1,4.8,1
CUST1693,36,53,50.48,3,Month-to-Month,1,6.9,0
CUST1694,25,8,102.94,3,Month-to-Month,1,2.9,1
CUST1695,65,27,48.15,2,Month-to-Month,1,6.9,0
CUST1696,62,46,107.28,0,One Year,1,5.2,0
CUST1697,18,50,31.26,1,One Year,1,4.5,0
CUST1698,39,71,90.37,1,Month-to-Month,0,4.5,0
CUST1699,69,3,74.07,5,Month-to-Month,1,5.2,1
CUST1700,34,64,29.65,1,Month-to-Month,1,6.8,0
CUST1701,24,44,44.19,3,One Year,1,3.4,0
CUST1702,42,53,21.24,2,Month-to-Month,1,5.2,0
CUST1703,62,24,66.88,3,Two Year,0,5.9,0
CUST1704,21,60,50.13,4,One Year,1,3.8,0
CUST1705,53,3,79.84,3,Month-to-Month,1,9.6,0
CUST1706,23,20,49.72,3,One Year,0,4.3,0
CUST1707,48,46,49.99,2,Two Year,1,4.7,0
CUST1708,36,15,94.32,3,One Year,0,4.0,0
CUST1709,61,25,24.81,2,Month-to-Month,1,9.6,0
CUST1710,56,71,110.29,2,Month-to-Month,1,7.1,0
CUST1711,44,17,105.23,5,Two Year,1,4.1,0
CUST1712,27,9,86.78,4,One Year,1,8.2,0
CUST1713,43,38,79.32,1,One Year,1,6.4,0
CUST1714,36,48,109.23,2,Two Year,1,6.5,0
CUST1715,56,60,38.53,3,Two Year,1,5.3,0
CUST1716,20,63,27.9,2,Two Year,1,4.5,0
CUST1717,62,2,43.95,2,Month-to-Month,1,6.7,0
CUST1718,30,11,99.46,0,One Year,0,4.9,0
CUST1719,67,64,23.47,3,One Year,1,9.6,0
CUST1720,45,21,78.28,2,One Year,1,3.5,1
CUST1721,37,18,119.54,3,One Year,0,9.1,0
CUST1722,45,64,105.57,2,Month-to-Month,1,5.8,1
CUST1723,25,38,72.14,3,One Year,1,6.6,1
CUST1724,58,32,26.36,2,One Year,0,7.7,0
CUST1725,56,11,103.14,2,Month-to-Month,1,4.7,1
CUST1726,18,45,79.9,2,Month-to-Month,1,7.7,0
CUST1727,20,33,31.49,3,Month-to-Month,1,1.0,0
CUST1728,30,41,29.39,2,Month-to-Month,1,4.6,0
CUST1729,45,8,110.96,1,Month-to-Month,1,4.2,0
CUST1730,66,11,86.92,1,Month-to-Month,1,3.5,1
CUST1731,42,51,102.93,3,One Year,1,5.6,0
CUST1732,50,41,107.9,0,One Year,0,6.8,0
CUST1733,55,17,77.18,0,One Year,0,7.4,0
CUST1734,23,46,71.74,3,Two Year,1,6.5,0
CUST1735,61,32,63.04,2,Month-to-Month,1,4.7,0
CUST1736,62,54,51.69,2,Month-to-Month,1,6.7,0
CUST1737,49,20,63.46,0,Two Year,0,6.2,0
CUST1738,62,33,97.39,2,Month-to-Month,1,7.9,0
CUST1739,64,40,80.19,1,Two Year,0,7.6,0
CUST1740,38,32,109.25,2,Two Year,1,6.1,0
CUST1741,33,2,64.34,3,One Year,0,4.2,0
CUST1742,38,33,80.71,1,Two Year,0,4.7,0
CUST1743,28,30,83.13,5,Month-to-Month,1,4.9,0
CUST1744,54,33,79.17,1,Month-to-Month,1,5.4,0
CUST1745,53,26,90.26,2,One Year,1,6.5,1
CUST1746,52,22,43.74,2,Month-to-Month,1,7.4,0
CUST1747,36,66,71.24,1,Two Year,1,5.9,0
CUST1748,37,38,30.42,3,Month-to-Month,1,6.0,1
CUST1749,35,46,58.45,1,One Year,0,6.3,0
CUST1750,64,15,68.77,1,One Year,1,5.0,0
CUST1751,58,44,85.22,1,One Year,1,4.1,0
CUST1752,66,49,115.05,1,Month-to-Month,1,2.5,1
CUST1753,31,61,80.07,4,Month-to-Month,0,4.6,0
CUST1754,32,67,94.36,0,Two Year,1,6.9,0
CUST1755,48,6,70.63,1,Month-to-Month,1,4.6,0
CUST1756,18,9,83.41,1,Two Year,1,5.5,0
CUST1757,20,6,27.09,1,One Year,0,6.9,0
CUST1758,33,32,45.44,1,One Year,0,7.0,0
CUST1759,40,41,56.19,1,One Year,1,3.8,0
CUST1760,28,8,67.25,0,Month-to-Month,1,8.0,0
CUST1761,29,50,24.56,3,One Year,1,8.3,0
CUST1762,27,62,34.0,0,Two Year,1,3.7,0
CUST1763,49,62,47.68,3,Month-to-Month,1,4.4,1
CUST1764,33,7,117.15,1,Two Year,1,8.4,0
CUST1765,25,4,53.13,6,Month-to-Month,1,5.7,1
CUST1766,55,6,68.2,1,Month-to-Month,1,1.6,0
CUST1767,29,58,39.61,2,Month-to-Month,0,3.2,0
CUST1768,41,22,81.08,1,Two Year,0,5.5,0
CUST1769,45,26,48.07,1,Month-to-Month,1,3.7,0
CUST1770,25,3,40.7,4,Two Year,0,5.2,0
CUST1771,45,41,71.66,1,Two Year,1,6.1,0
CUST1772,53,60,20.55,2,Month-to-Month,0,8.9,0
CUST1773,43,14,20.77,3,Month-to-Month,1,5.4,0
CUST1774,25,12,41.91,0,One Year,1,8.1,0
CUST1775,67,12,23.67,1,Month-to-Month,1,8.9,0
CUST1776,45,13,30.8,1,One Year,0,8.9,0
CUST1777,45,25,53.89,1,Month-to-Month,1,6.6,0
CUST1778,54,45,100.26,3,Month-to-Month,1,2.1,0
CUST1779,58,19,77.2,1,One Year,1,6.9,0
CUST1780,53,55,71.27,2,Month-to-Month,0,8.1,0
CUST1781,44,45,49.35,3,Month-to-Month,1,5.8,0
CUST1782,34,8,113.18,1,Month-to-Month,1,9.5,0
CUST1783,26,53,59.7,2,Month-to-Month,1,7.7,1
CUST1784,50,55,28.71,3,One Year,1,7.1,0
CUST1785,37,32,81.71,1,Two Year,0,8.2,0
CUST1786,30,51,31.38,2,Month-to-Month,1,6.7,0
CUST1787,45,44,54.52,3,One Year,1,1.0,0
CUST1788,65,70,70.74,2,One Year,1,5.0,0
CUST1789,46,18,107.42,0,Month-to-Month,1,8.4,0
CUST1790,30,22,69.35,3,Month-to-Month,0,4.4,0
CUST1791,63,37,90.23,2,Two Year,1,5.6,0
CUST1792,52,56,119.28,2,One Year,0,3.9,0
CUST1793,23,59,33.15,0,One Year,1,9.6,0
CUST1794,35,3,47.47,1,One Year,1,9.4,0
CUST1795,68,28,59.46,0,Month-to-Month,1,4.2,1
CUST1796,22,35,62.18,1,One Year,1,6.3,0
CUST1797,64,61,61.1,1,One Year,1,4.6,0
CUST1798,42,54,110.76,2,One Year,1,7.2,0
CUST1799,19,63,91.4,3,Month-to-Month,1,7.0,1
CUST1800,27,7,80.79,3,Month-to-Month,0,7.6,1
CUST1801,47,49,50.94,2,Month-to-Month,0,6.7,0
CUST1802,67,31,102.38,2,Two Year,1,10.0,0
CUST1803,62,58,115.51,4,Month-to-Month,1,3.9,0
CUST1804,22,61,102.12,1,Month-to-Month,0,2.6,1
CUST1805,50,24,20.16,3,Month-to-Month,1,5.2,0
CUST1806,18,20,83.64,3,Month-to-Month,1,2.9,0
CUST1807,35,37,25.11,4,One Year,1,3.0,0
CUST1808,49,4,45.76,2,One Year,1,4.0,1
CUST1809,64,20,25.95,4,One Year,1,4.2,1
CUST1810,66,60,80.38,3,Month-to-Month,1,4.1,1
CUST1811,28,24,88.66,2,One Year,1,7.0,1
CUST1812,38,50,31.45,3,Month-to-Month,0,5.0,1
CUST1813,43,49,58.38,2,Month-to-Month,1,5.6,0
CUST1814,42,51,65.62,2,Month-to-Month,1,7.8,0
CUST1815,39,36,56.91,4,Month-to-Month,1,4.5,1
CUST1816,44,66,32.1,4,Month-to-Month,1,5.5,0
CUST1817,66,34,61.89,1,One Year,1,6.7,0
CUST1818,30,36,95.12,1,One Year,1,2.1,0
CUST1819,50,6,27.1,0,Two Year,1,1.2,0
CUST1820,51,39,28.02,3,Month-to-Month,1,6.7,0
CUST1821,58,42,55.48,1,Month-to-Month,1,7.0,1
CUST1822,52,58,114.17,6,Month-to-Month,1,10.0,0
CUST1823,18,12,86.86,1,Two Year,1,6.3,0
CUST1824,38,3,87.87,1,One Year,1,7.6,0
CUST1825,65,18,56.19,3,One Year,1,5.6,0
CUST1826,23,40,79.37,3,Month-to-Month,1,6.6,0
CUST1827,45,21,21.01,0,One Year,0,9.3,0
CUST1828,34,15,83.61,2,Month-to-Month,1,1.8,1
CUST1829,22,26,111.33,1,One Year,1,6.8,0
CUST1830,48,8,81.26,3,Two Year,0,10.0,0
CUST1831,22,42,107.37,1,Two Year,1,6.6,0
CUST1832,55,44,92.4,3,One Year,1,9.3,0
CUST1833,20,14,32.06,5,Month-to-Month,1,4.7,1
CUST1834,40,2,110.25,0,Two Year,0,5.9,0
CUST1835,54,37,26.64,1,One Year,1,6.1,0
CUST1836,54,69,73.4,2,Month-to-Month,1,1.6,1
CUST1837,27,38,34.21,1,Month-to-Month,1,3.7,0
CUST1838,27,41,21.17,5,Month-to-Month,1,3.8,1
CUST1839,36,62,62.2,1,Month-to-Month,1,7.6,0
CUST1840,34,60,49.5,3,Month-to-Month,1,7.7,1
CUST1841,38,14,68.6,2,One Year,1,6.6,0
CUST1842,31,2,77.72,2,Month-to-Month,1,7.6,0
CUST1843,26,70,24.37,0,Month-to-Month,1,5.7,0
CUST1844,63,17,32.3,2,One Year,0,8.4,0
CUST1845,18,28,75.86,2,Two Year,1,6.0,0
CUST1846,68,66,54.32,4,One Year,1,6.1,0
CUST1847,62,35,92.92,0,Month-to-Month,1,5.5,0
CUST1848,30,5,85.23,3,Two Year,0,7.4,0
CUST1849,21,65,104.56,3,Two Year,1,5.2,0
CUST1850,18,40,89.25,3,Month-to-Month,0,8.0,1
CUST1851,66,56,62.99,2,Month-to-Month,0,3.7,0
CUST1852,57,36,87.3,0,One Year,1,3.8,0
CUST1853,49,45,47.54,2,Two Year,1,7.4,0
CUST1854,51,23,50.63,2,Two Year,1,5.8,0
CUST1855,45,47,98.9,1,Two Year,0,5.1,0
CUST1856,48,31,64.64,0,One Year,1,7.8,0
CUST1857,25,11,99.84,0,One Year,0,4.8,0
CUST1858,56,10,102.24,1,Month-to-Month,1,5.6,0
CUST1859,43,67,105.76,0,Month-to-Month,1,8.8,0
CUST1860,51,14,111.66,2,Month-to-Month,1,9.1,0
CUST1861,20,10,63.1,1,One Year,1,9.1,0
CUST1862,67,1,51.89,3,One Year,0,5.4,0
CUST1863,29,5,78.22,1,One Year,1,8.5,0
CUST1864,18,20,57.12,1,Month-to-Month,1,4.1,0
CUST1865,61,8,80.11,6,One Year,1,4.2,1
CUST1866,22,43,90.56,3,Month-to-Month,1,1.3,1
CUST1867,47,1,88.84,1,Month-to-Month,0,9.3,0
CUST1868,47,57,57.46,1,One Year,1,4.3,0
CUST1869,34,64,36.69,4,One Year,1,5.7,0
CUST1870,65,28,63.05,3,Two Year,1,4.2,1
CUST1871,64,37,34.26,0,Month-to-Month,0,7.4,0
CUST1872,40,47,109.01,0,Month-to-Month,0,5.2,0
CUST1873,32,37,54.59,3,Month-to-Month,1,3.4,1
CUST1874,54,49,35.45,3,Month-to-Month,1,6.9,0
CUST1875,38,44,22.54,4,Two Year,1,3.1,0
CUST1876,31,56,84.58,2,One Year,0,4.3,0
CUST1877,19,28,83.69,1,Two Year,1,1.8,0
CUST1878,28,6,54.06,4,Month-to-Month,1,3.2,1
CUST1879,68,61,27.17,2,Two Year,1,6.4,0
CUST1880,56,20,60.96,1,Month-to-Month,1,2.1,0
CUST1881,55,2,51.12,2,Two Year,1,3.0,0
CUST1882,51,37,87.71,2,Month-to-Month,1,6.0,0
CUST1883,55,20,80.58,2,Month-to-Month,1,4.9,1
CUST1884,67,26,56.46,1,One Year,0,10.0,0
CUST1885,51,29,41.79,0,Two Year,1,9.7,0
CUST1886,35,1,118.8,3,Month-to-Month,1,4.3,1
CUST1887,47,35,65.4,4,Month-to-Month,1,7.1,1
CUST1888,32,70,88.83,6,Two Year,1,7.5,0
CUST1889,44,59,34.06,4,Month-to-Month,1,4.8,0
CUST1890,68,69,68.56,2,Month-to-Month,1,3.0,0
CUST1891,51,33,22.75,1,Month-to-Month,1,6.0,0
CUST1892,69,51,70.55,4,Month-to-Month,1,5.7,1
CUST1893,55,12,116.4,2,Two Year,0,5.1,0
CUST1894,50,20,58.42,3,One Year,0,6.9,0
CUST1895,41,53,23.9,2,One Year,1,4.5,0
CUST1896,32,43,23.1,3,Two Year,0,3.7,0
CUST1897,47,50,58.8,0,Month-to-Month,1,6.2,0
CUST1898,59,29,36.0,2,Month-to-Month,1,6.8,0
CUST1899,68,57,22.34,2,Month-to-Month,1,3.6,0
CUST1900,34,39,95.62,2,Month-to-Month,1,7.9,0
CUST1901,22,56,65.85,3,Month-to-Month,1,2.5,1
CUST1902,46,43,48.92,2,Two Year,0,4.8,0
CUST1903,21,50,110.01,2,One Year,1,5.5,0
CUST1904,27,23,31.61,3,Month-to-Month,1,4.7,0
CUST1905,34,44,115.59,5,One Year,1,4.9,1
CUST1906,27,38,51.4,3,One Year,1,9.7,0
CUST1907,34,23,108.84,0,Two Year,1,4.3,0
CUST1908,37,45,80.29,2,Two Year,0,10.0,0
CUST1909,41,52,102.67,3,One Year,1,6.9,0
CUST1910,22,50,118.4,2,One Year,0,6.2,0
CUST1911,51,8,48.84,3,One Year,1,7.0,0
CUST1912,23,1,116.11,2,One Year,1,10.0,0
CUST1913,19,8,58.95,0,Month-to-Month,1,4.0,0
CUST1914,30,29,58.55,2,Month-to-Month,1,3.8,1
CUST1915,60,5,54.04,1,One Year,0,4.5,0
CUST1916,60,47,74.14,2,Month-to-Month,1,6.1,1
CUST1917,65,34,35.41,2,Month-to-Month,0,2.5,1
CUST1918,28,65,75.37,4,One Year,0,6.0,0
CUST1919,68,55,74.17,0,Month-to-Month,1,9.4,1
CUST1920,64,43,96.19,2,One Year,1,6.3,0
CUST1921,40,30,103.36,0,One Year,1,5.4,0
CUST1922,33,17,64.04,0,Two Year,1,4.8,0
CUST1923,48,26,50.23,1,Month-to-Month,1,7.8,0
CUST1924,28,8,45.93,2,Month-to-Month,1,4.3,0
CUST1925,33,47,39.46,0,One Year,0,9.7,0
CUST1926,25,46,25.76,1,Two Year,1,9.9,0
CUST1927,21,68,54.24,4,Two Year,1,6.5,0
CUST1928,57,33,47.02,3,Month-to-Month,1,6.0,1
CUST1929,21,1,116.64,4,Month-to-Month,1,8.1,0
CUST1930,42,19,75.77,2,Two Year,1,8.2,0
CUST1931,20,31,54.73,2,Month-to-Month,1,4.4,0
CUST1932,49,14,78.05,2,One Year,1,4.9,0
CUST1933,20,53,33.92,1,Month-to-Month,1,3.4,0
CUST1934,44,48,64.4,1,Month-to-Month,1,6.8,0
CUST1935,46,69,82.62,1,Month-to-Month,1,7.3,0
CUST1936,49,62,68.89,1,Month-to-Month,1,3.3,1
CUST1937,67,66,60.18,3,One Year,1,5.1,0
CUST1938,68,64,119.38,2,Two Year,1,3.3,0
CUST1939,36,70,108.03,2,Month-to-Month,1,4.2,1
CUST1940,38,63,82.34,2,Two Year,1,7.1,0
CUST1941,22,33,76.94,0,Month-to-Month,1,4.5,0
CUST1942,35,41,82.07,1,One Year,1,5.4,0
CUST1943,45,48,40.13,4,Month-to-Month,1,2.7,0
CUST1944,59,13,59.51,2,Two Year,1,6.4,0
CUST1945,39,31,23.95,4,One Year,1,5.9,0
CUST1946,38,68,67.55,4,One Year,1,4.5,0
CUST1947,23,4,74.3,2,Two Year,0,5.6,0
CUST1948,18,19,42.77,1,One Year,1,6.4,0
CUST1949,22,70,116.4,3,Two Year,1,4.4,0
CUST1950,58,13,110.95,3,One Year,1,3.0,0
CUST1951,29,23,92.21,1,Two Year,1,9.6,1
CUST1952,43,1,73.34,1,One Year,1,4.7,0
CUST1953,63,54,107.0,4,Month-to-Month,0,5.8,1
CUST1954,51,71,33.07,1,One Year,1,8.0,0
CUST1955,66,15,99.05,4,Month-to-Month,1,10.0,0
CUST1956,31,65,32.48,0,One Year,1,3.5,1
CUST1957,43,71,99.42,3,Month-to-Month,0,6.9,1
CUST1958,62,15,47.58,3,One Year,1,4.6,1
CUST1959,44,21,107.71,3,Month-to-Month,1,4.9,0
CUST1960,26,19,114.4,2,Month-to-Month,1,4.6,1
CUST1961,43,60,34.88,1,Month-to-Month,1,3.7,1
CUST1962,64,33,66.27,0,Two Year,1,5.9,1
CUST1963,39,49,118.1,2,Month-to-Month,1,3.1,0
CUST1964,64,35,68.34,2,Month-to-Month,1,7.9,0
CUST1965,47,44,106.35,2,One Year,1,6.1,0
CUST1966,60,11,78.87,3,One Year,0,6.8,0
CUST1967,65,66,57.53,3,Month-to-Month,1,5.1,0
CUST1968,34,46,48.58,1,Month-to-Month,1,5.3,1
CUST1969,43,9,40.32,2,Month-to-Month,1,6.6,0
CUST1970,53,3,96.18,1,Two Year,1,3.7,0
CUST1971,18,26,58.65,2,Month-to-Month,0,5.3,1
CUST1972,25,48,71.13,0,Month-to-Month,0,4.3,0
CUST1973,66,66,69.23,1,Month-to-Month,1,4.2,0
CUST1974,52,70,77.73,1,Month-to-Month,1,1.8,0
CUST1975,69,28,106.56,2,One Year,1,8.7,0
CUST1976,32,26,118.07,1,Month-to-Month,1,4.6,1
CUST1977,64,25,60.76,1,Month-to-Month,1,8.3,1
CUST1978,39,12,102.75,2,Month-to-Month,0,8.1,0
CUST1979,31,5,96.45,4,Month-to-Month,0,3.4,0
CUST1980,43,48,77.35,0,Month-to-Month,1,3.8,0
CUST1981,45,37,115.6,1,Two Year,1,10.0,0
CUST1982,40,44,40.05,4,One Year,1,9.5,0
CUST1983,31,15,30.93,2,Two Year,1,5.9,0
CUST1984,41,43,105.4,1,Two Year,1,6.5,0
CUST1985,19,48,63.91,1,One Year,1,4.7,0
CUST1986,62,70,104.7,3,Month-to-Month,1,6.9,0
CUST1987,43,46,109.31,1,One Year,1,4.6,0
CUST1988,31,43,26.25,3,Two Year,0,1.9,0
CUST1989,68,21,108.35,3,One Year,0,3.4,0
CUST1990,24,23,64.83,2,One Year,1,6.0,1
CUST1991,20,47,71.04,2,Month-to-Month,1,3.7,1
CUST1992,64,15,82.66,4,Two Year,1,5.9,0
CUST1993,40,25,112.64,1,One Year,1,3.9,1
CUST1994,63,36,21.91,1,Two Year,1,4.4,0
CUST1995,60,51,67.68,2,Month-to-Month,0,7.7,0
CUST1996,64,15,88.77,1,Month-to-Month,1,6.5,0
CUST1997,62,68,92.27,3,Month-to-Month,1,6.0,1
CUST1998,35,21,89.25,3,One Year,1,7.8,0
CUST1999,55,13,33.44,4,Month-to-Month,1,7.0,1
